x,y,z
690998.542128955,5335867.575122598,-24
690998.6727321114,5335867.913839176,-24
690998.8054551559,5335868.258051165,-24
690998.9401918183,5335868.60748308,-24
690999.0768358278,5335868.961859433,-24
690999.2152809143,5335869.320904739,-24
690999.3554208073,5335869.684343512,-24
690999.4971492365,5335870.051900267,-24
690999.6403599314,5335870.423299517,-24
690999.7849466217,5335870.798265775,-24
690999.930803037,5335871.176523555,-24
691000.0778229067,5335871.557797374,-24
691000.2258999606,5335871.941811742,-24
691000.3749279282,5335872.328291177,-24
691000.519645953,5335872.703592665,-24
691000.659635635,5335873.066631336,-24
691000.8001813559,5335873.431111434,-24
691000.9411976999,5335873.796811532,-24
691001.0825992506,5335874.163510208,-24
691001.2243005923,5335874.530986035,-24
691001.3662163091,5335874.899017589,-24
691001.5082609849,5335875.267383444,-24
691001.6503492037,5335875.635862178,-24
691001.7923955497,5335876.004232364,-24
691001.9343146068,5335876.372272577,-24
691002.0760209592,5335876.739761392,-24
691002.2174291906,5335877.106477385,-24
691002.3584538853,5335877.472199134,-24
691002.4990096273,5335877.836705209,-24
691002.6471416175,5335878.220859533,-24
691002.7949201108,5335878.60409786,-24
691002.9418709953,5335878.985190767,-24
691003.087892291,5335879.36387389,-24
691003.2328820174,5335879.739882864,-24
691003.3767381941,5335880.112953323,-24
691003.5193588407,5335880.482820903,-24
691003.6606419769,5335880.849221239,-24
691003.8004856223,5335881.211889966,-24
691003.9387877968,5335881.570562719,-24
691004.0754465194,5335881.9249751335,-24
691004.2103598106,5335882.274862845,-24
691004.3434256895,5335882.619961489,-24
691004.4827348792,5335882.981254215,-24
691004.6428203303,5335883.396432729,-24
691004.7995241772,5335883.802845074,-24
691004.9526500297,5335884.19998214,-24
691005.102001497,5335884.587334823,-24
691005.2473821889,5335884.964394017,-24
691005.3885957149,5335885.330650619,-24
691005.5254456847,5335885.685595521,-24
691005.6577357074,5335886.02871962,-24
691005.785269393,5335886.35951381,-24
691005.907850351,5335886.677468985,-24
691006.0546754044,5335887.058320616,-24
691006.2745172221,5335887.6286008535,-24
691006.4702365282,5335888.136348017,-24
691006.6401661527,5335888.577240285,-24
691006.7127088214,5335888.765497092,-24
691006.7533027411,5335888.8709222395,-24
691006.8854893332,5335889.214787527,-24
691007.0220166874,5335889.570810778,-24
691007.1589113625,5335889.927269685,-24
691007.2963200351,5335890.2828816,-24
691007.3881210224,5335890.519482281,-24
691007.518058561,5335890.853646746,-24
691007.698069036,5335891.31585429,-24
691007.8647167755,5335891.743252533,-24
691007.9971438913,5335892.082629275,-24
691008.1365751995,5335892.439751352,-24
691008.2821254572,5335892.81234814,-24
691008.4329094216,5335893.198149012,-24
691008.5860394594,5335893.589763652,-24
691008.7261390549,5335893.947893902,-24
691008.8683444571,5335894.311253175,-24
691009.0120430316,5335894.678270075,-24
691009.1566221436,5335895.04737321,-24
691009.3014691579,5335895.416991185,-24
691009.4464110085,5335895.786673471,-24
691009.5960813237,5335896.168217238,-24
691009.7440133641,5335896.545114941,-24
691009.889512188,5335896.915584069,-24
691010.031882854,5335897.277842114,-24
691010.1704304201,5335897.6301065665,-24
691010.3147891288,5335897.996821996,-24
691010.4781594041,5335898.411351395,-24
691010.631430006,5335898.799667949,-24
691010.773141156,5335899.158027359,-24
691010.9018330756,5335899.482685328,-24
691011.0348180243,5335899.816895679,-24
691011.1778072726,5335900.174497619,-24
691011.3260136604,5335900.543376912,-24
691011.4695469234,5335900.899216842,-24
691011.6186066916,5335901.267864903,-24
691011.7647876488,5335901.629369529,-24
691011.9106639677,5335901.991230579,-24
691012.0654500586,5335902.377819985,-24
691012.2037691177,5335902.725747672,-24
691012.3461341728,5335903.085793409,-24
691012.4897787995,5335903.449524285,-24
691012.6321271629,5335903.808938364,-24
691012.7277942451,5335904.049753705,-24
691012.8937594165,5335904.465890607,-24
691013.0715486734,5335904.90993419,-24
691013.2076124003,5335905.249040116,-24
691013.3508610501,5335905.605683611,-24
691013.5014632593,5335905.980461354,-24
691013.6557993771,5335906.364541028,-24
691013.7926763312,5335906.70530344,-24
691013.9349413776,5335907.059702476,-24
691014.0826908387,5335907.428078951,-24
691014.2360210367,5335907.810773681,-24
691014.3834780046,5335908.179245891,-24
691014.5212070219,5335908.523827882,-24
691014.6630651794,5335908.879187002,-24
691014.8091096337,5335909.245525486,-24
691014.9593975416,5335909.623045572,-24
691015.1139860604,5335910.0119494945,-24
691015.235223555,5335910.3173687905,-24
691015.3531136214,5335910.61471037,-24
691015.4733648563,5335910.918369548,-24
691015.595999402,5335911.22842467,-24
691015.7210394004,5335911.544954082,-24
691015.8485069937,5335911.868036127,-24
691015.9784243238,5335912.197749151,-24
691016.2630609449,5335912.921409945,-24
691016.3762521413,5335913.209592133,-24
691016.4922630037,5335913.505160562,-24
691016.6110531775,5335913.808009422,-24
691016.7325823082,5335914.118032897,-24
691016.8568100415,5335914.435125176,-24
691016.9836960225,5335914.7591804415,-24
691017.1131998971,5335915.0900928825,-24
691017.2452813104,5335915.427756686,-24
691017.3798999083,5335915.772066037,-24
691017.5170153362,5335916.122915123,-24
691017.6565872397,5335916.480198128,-24
691017.7985752639,5335916.843809243,-24
691017.9429390547,5335917.21364265,-24
691018.0896382575,5335917.589592538,-24
691018.2386325178,5335917.971553093,-24
691018.3898814808,5335918.359418499,-24
691018.5433447927,5335918.753082947,-24
691018.6989820984,5335919.15244062,-24
691018.8567530435,5335919.557385705,-24
691019.0166172738,5335919.96781239,-24
691019.1785344345,5335920.3836148605,-24
691019.3424641714,5335920.804687301,-24
691019.5083661296,5335921.2309239,-24
691019.6761999548,5335921.6622188445,-24
691019.8384569803,5335922.079268537,-24
691019.9670429676,5335922.409830443,-24
691020.096656334,5335922.743082179,-24
691020.2272800015,5335923.078978965,-24
691020.3588968918,5335923.417476019,-24
691020.4914899269,5335923.758528561,-24
691020.6250420284,5335924.102091812,-24
691020.7595361184,5335924.448120987,-24
691020.8949551184,5335924.796571312,-24
691021.0312819505,5335925.147398,-24
691021.1684995365,5335925.5005562715,-24
691021.306590798,5335925.856001348,-24
691021.445538657,5335926.213688449,-24
691021.5853260354,5335926.573572791,-24
691021.7259358548,5335926.935609597,-24
691021.8673510375,5335927.299754081,-24
691022.0095545045,5335927.665961469,-24
691022.1525291784,5335928.034186975,-24
691022.2962579806,5335928.40438582,-24
691022.440723833,5335928.776513224,-24
691022.5859096578,5335929.150524405,-24
691022.7317983762,5335929.526374584,-24
691022.8783729104,5335929.904018978,-24
691023.0256161822,5335930.283412809,-24
691023.1735111135,5335930.664511293,-24
691023.3220406258,5335931.0472696535,-24
691023.4711876413,5335931.431643107,-24
691023.6209350816,5335931.817586871,-24
691023.7712658686,5335932.205056169,-24
691023.9221629242,5335932.594006218,-24
691024.0736091699,5335932.98439224,-24
691024.2255875281,5335933.376169449,-24
691024.3780809201,5335933.769293068,-24
691024.5310722679,5335934.163718317,-24
691024.6715149244,5335934.525806935,-24
691024.8096980901,5335934.882083472,-24
691024.9482440872,5335935.239308113,-24
691025.0871405476,5335935.597448428,-24
691025.2263751028,5335935.956471989,-24
691025.3659353849,5335936.31634636,-24
691025.5058090251,5335936.677039113,-24
691025.6459836556,5335937.038517817,-24
691025.7864469078,5335937.400750042,-24
691025.9271864136,5335937.763703355,-24
691026.0681898046,5335938.127345326,-24
691026.2094447124,5335938.491643524,-24
691026.350938769,5335938.856565519,-24
691026.4926596062,5335939.222078879,-24
691026.6345948552,5335939.588151174,-24
691026.776732148,5335939.954749973,-24
691026.9190591165,5335940.321842843,-24
691027.0615633923,5335940.6893973565,-24
691027.2042326069,5335941.0573810795,-24
691027.3470543921,5335941.425761584,-24
691027.49001638,5335941.794506436,-24
691027.6331062019,5335942.163583208,-24
691027.7763114895,5335942.532959466,-24
691027.9196198747,5335942.902602782,-24
691028.0630189892,5335943.2724807225,-24
691028.2064964647,5335943.642560858,-24
691028.3500399329,5335944.012810758,-24
691028.4936370252,5335944.38319799,-24
691028.637275374,5335944.753690124,-24
691028.7809426105,5335945.124254729,-24
691028.9246263666,5335945.494859376,-24
691029.0683142738,5335945.86547163,-24
691029.2119939642,5335946.236059065,-24
691029.3556530692,5335946.606589247,-24
691029.4992792207,5335946.977029744,-24
691029.6428600503,5335947.3473481275,-24
691029.7863831897,5335947.717511966,-24
691029.9318723376,5335948.092739959,-24
691030.0781451475,5335948.469981989,-24
691030.2243188391,5335948.846960711,-24
691030.3703802774,5335949.223641684,-24
691030.5163163269,5335949.599990465,-24
691030.6621138526,5335949.975972612,-24
691030.8077597187,5335950.351553684,-24
691030.9532407904,5335950.726699239,-24
691031.0985439321,5335951.101374833,-24
691031.2436560087,5335951.475546025,-24
691031.388563885,5335951.849178374,-24
691031.5332544255,5335952.222237436,-24
691031.6777144951,5335952.59468877,-24
691031.8219309584,5335952.966497935,-24
691031.9658906802,5335953.337630489,-24
691032.1095805253,5335953.708051988,-24
691032.2529873584,5335954.07772799,-24
691032.3960980439,5335954.4466240555,-24
691032.5388994468,5335954.814705741,-24
691032.6813784319,5335955.1819386035,-24
691032.8235218638,5335955.548288202,-24
691032.965316607,5335955.913720095,-24
691033.1067495266,5335956.278199839,-24
691033.2478074873,5335956.641692993,-24
691033.3884773535,5335957.004165116,-24
691033.5287459904,5335957.365581764,-24
691033.6686002621,5335957.7259084955,-24
691033.8080270339,5335958.085110868,-24
691033.9470131701,5335958.443154441,-24
691034.0855455358,5335958.800004771,-24
691034.2236109955,5335959.155627418,-24
691034.3611964138,5335959.509987938,-24
691034.4982886555,5335959.863051889,-24
691034.6348745857,5335960.214784831,-24
691034.7709410685,5335960.56515232,-24
691034.906474969,5335960.914119913,-24
691035.049274419,5335961.281762722,-24
691035.2089528942,5335961.69282112,-24
691035.3678187205,5335962.101743854,-24
691035.5258498412,5335962.508473089,-24
691035.6830242003,5335962.912950991,-24
691035.8393197409,5335963.315119726,-24
691035.9947144069,5335963.714921459,-24
691036.1491861419,5335964.112298355,-24
691036.3027128894,5335964.507192583,-24
691036.455272593,5335964.899546307,-24
691036.6068431961,5335965.2893016925,-24
691036.7574026427,5335965.676400906,-24
691036.9069288762,5335966.060786114,-24
691037.0553998401,5335966.442399481,-24
691037.2027934782,5335966.821183173,-24
691037.3490877338,5335967.197079358,-24
691037.4942605507,5335967.570030199,-24
691037.6350582404,5335967.931678842,-24
691037.763898049,5335968.262582354,-24
691037.8928901154,5335968.593860139,-24
691038.022029175,5335968.925498849,-24
691038.1513099637,5335969.257485136,-24
691038.2807272167,5335969.589805651,-24
691038.4102756701,5335969.922447049,-24
691038.5399500593,5335970.255395981,-24
691038.6697451198,5335970.588639099,-24
691038.7996555874,5335970.922163056,-24
691038.9296761975,5335971.255954504,-24
691039.0598016859,5335971.590000095,-24
691039.190026788,5335971.924286481,-24
691039.3203462397,5335972.258800317,-24
691039.458817712,5335972.614223431,-24
691039.6010322374,5335972.979237205,-24
691039.7433391064,5335973.344471135,-24
691039.8857315063,5335973.709907944,-24
691040.0282026238,5335974.075530361,-24
691040.1707456461,5335974.441321111,-24
691040.31335376,5335974.807262919,-24
691040.4560201529,5335975.173338511,-24
691040.5987380112,5335975.539530614,-24
691040.7415005221,5335975.905821954,-24
691040.8843008728,5335976.272195256,-24
691041.0271322501,5335976.638633246,-24
691041.1699878412,5335977.00511865,-24
691041.3128608327,5335977.371634195,-24
691041.4557444119,5335977.738162604,-24
691041.5986317656,5335978.104686605,-24
691041.741516081,5335978.471188924,-24
691041.8843905448,5335978.837652287,-24
691042.0272483444,5335979.20405942,-24
691042.1700826663,5335979.570393048,-24
691042.3128866978,5335979.936635897,-24
691042.4556536259,5335980.302770693,-24
691042.5983766372,5335980.668780163,-24
691042.7410489192,5335981.034647032,-24
691042.8836636586,5335981.400354024,-24
691043.0262140424,5335981.765883868,-24
691043.1686932578,5335982.131219289,-24
691043.3110944916,5335982.496343013,-24
691043.4549542834,5335982.865194809,-24
691043.5997850203,5335983.236524334,-24
691043.7445134881,5335983.607580065,-24
691043.8891324918,5335983.978343758,-24
691044.0336348371,5335984.348797174,-24
691044.1780133292,5335984.718922069,-24
691044.322260773,5335985.088700201,-24
691044.4663699743,5335985.45811333,-24
691044.6103337382,5335985.827143212,-24
691044.7541448697,5335986.195771607,-24
691044.8977961746,5335986.563980272,-24
691045.0412804581,5335986.931750965,-24
691045.1845905253,5335987.299065445,-24
691045.3277191815,5335987.665905469,-24
691045.4706592322,5335988.032252797,-24
691045.6134034827,5335988.398089186,-24
691045.755944738,5335988.7633963935,-24
691045.8982758038,5335989.128156179,-24
691046.0403894851,5335989.492350299,-24
691046.1822785871,5335989.855960513,-24
691046.3239359156,5335990.21896858,-24
691046.4653542754,5335990.581356256,-24
691046.606526472,5335990.943105301,-24
691046.7474453108,5335991.30419747,-24
691046.8881035969,5335991.664614526,-24
691047.0284941357,5335992.024338223,-24
691047.1686097326,5335992.383350322,-24
691047.308447836,5335992.741644476,-24
691047.456314184,5335993.1205012845,-24
691047.603847058,5335993.498496305,-24
691047.7510378958,5335993.875607831,-24
691047.8978781357,5335994.251814152,-24
691048.0443592158,5335994.627093561,-24
691048.1904725741,5335995.001424349,-24
691048.336209649,5335995.374784808,-24
691048.4815618785,5335995.74715323,-24
691048.6265207006,5335996.118507906,-24
691048.7710775537,5335996.488827129,-24
691048.915223876,5335996.858089191,-24
691049.0589511052,5335997.226272382,-24
691049.2022506798,5335997.593354995,-24
691049.3451140379,5335997.959315321,-24
691049.4875326175,5335998.324131654,-24
691049.6294978568,5335998.687782283,-24
691049.7710011941,5335999.0502455,-24
691049.9120340673,5335999.411499599,-24
691050.0525879147,5335999.771522869,-24
691050.1926541744,5336000.130293604,-24
691050.3322242843,5336000.487790096,-24
691050.4712896829,5336000.843990634,-24
691050.6098418082,5336001.198873512,-24
691050.7478720983,5336001.552417023,-24
691050.8853719914,5336001.904599455,-24
691051.0223329258,5336002.255399103,-24
691051.1733219612,5336002.642126625,-24
691051.324169718,5336003.028489967,-24
691051.4743181075,5336003.413059997,-24
691051.6237553863,5336003.795806942,-24
691051.7724698103,5336004.176701024,-24
691051.9204496358,5336004.555712467,-24
691052.0676831186,5336004.932811496,-24
691052.2141585151,5336005.307968332,-24
691052.3598640813,5336005.681153203,-24
691052.5047880735,5336006.052336331,-24
691052.6489187476,5336006.42148794,-24
691052.7922443595,5336006.788578253,-24
691052.9347531658,5336007.153577494,-24
691053.0764334226,5336007.516455889,-24
691053.2172733856,5336007.877183661,-24
691053.3572613113,5336008.235731032,-24
691053.4963854556,5336008.592068227,-24
691053.6346340748,5336008.946165471,-24
691053.7719954249,5336009.297992988,-24
691053.9084577619,5336009.647520999,-24
691054.0440093421,5336009.99471973,-24
691054.1786384216,5336010.339559406,-24
691054.3123332565,5336010.68201025,-24
691054.4833908671,5336011.120170135,-24
691054.6863491499,5336011.640053644,-24
691054.8869655958,5336012.15395147,-24
691055.0617010347,5336012.601563446,-24
691055.1931263158,5336012.938224726,-24
691055.3237129238,5336013.2727287235,-24
691055.4534706866,5336013.605100782,-24
691055.5824094322,5336013.935366247,-24
691055.7105389884,5336014.26355046,-24
691055.8378691835,5336014.589678769,-24
691055.9644098454,5336014.913776518,-24
691056.090170802,5336015.23586905,-24
691056.2151618815,5336015.555981712,-24
691056.3393929118,5336015.874139847,-24
691056.4628737208,5336016.1903687995,-24
691056.5956012987,5336016.530269636,-24
691056.7438586168,5336016.909929854,-24
691056.8910536788,5336017.286858851,-24
691057.0372041782,5336017.661102253,-24
691057.1823278073,5336018.032705685,-24
691057.326442259,5336018.401714776,-24
691057.4695652263,5336018.76817515,-24
691057.6117144021,5336019.132132436,-24
691057.7529074791,5336019.493632259,-24
691057.8931621498,5336019.852720248,-24
691058.0324961076,5336020.209442026,-24
691058.170927045,5336020.563843221,-24
691058.3084726548,5336020.915969461,-24
691058.455424437,5336021.292167094,-24
691058.6022779588,5336021.668104052,-24
691058.7481604955,5336022.041546548,-24
691058.893094456,5336022.412552371,-24
691059.0371022493,5336022.781179309,-24
691059.1802062842,5336023.147485151,-24
691059.3224289691,5336023.511527684,-24
691059.463792713,5336023.873364696,-24
691059.6043199251,5336024.233053977,-24
691059.7440330139,5336024.590653314,-24
691059.8829543883,5336024.946220496,-24
691060.0247521589,5336025.30914422,-24
691060.1710427208,5336025.6835615225,-24
691060.316513874,5336026.055876531,-24
691060.4611926875,5336026.42615905,-24
691060.6051062301,5336026.794478888,-24
691060.7482815705,5336027.160905847,-24
691060.8907457775,5336027.525509735,-24
691061.0325259198,5336027.888360357,-24
691061.1736490662,5336028.249527519,-24
691061.3141422857,5336028.609081023,-24
691061.4540326468,5336028.967090679,-24
691061.5998291827,5336029.340215013,-24
691061.7493906524,5336029.722974709,-24
691061.8983496742,5336030.104193371,-24
691062.0467401724,5336030.483958482,-24
691062.194596071,5336030.862357526,-24
691062.3419512939,5336031.239477986,-24
691062.4888397654,5336031.615407348,-24
691062.6352954096,5336031.990233095,-24
691062.7813521503,5336032.364042711,-24
691062.895332452,5336032.655783773,-24
691063.0281377252,5336032.995772268,-24
691063.1751209752,5336033.372132455,-24
691063.3204333284,5336033.744286552,-24
691063.4641539381,5336034.112428826,-24
691063.606361957,5336034.476753548,-24
691063.7471365385,5336034.837454981,-24
691063.8865568351,5336035.194727399,-24
691064.0249306724,5336035.549351129,-24
691064.1710229717,5336035.923782586,-24
691064.3158497916,5336036.294988405,-24
691064.459507305,5336036.663204628,-24
691064.6020916848,5336037.028667294,-24
691064.7436991044,5336037.391612447,-24
691064.8844257368,5336037.752276125,-24
691065.024367755,5336038.110894374,-24
691065.168377737,5336038.479889618,-24
691065.3119853417,5336038.8477936555,-24
691065.4550678481,5336039.214280453,-24
691065.5977321576,5336039.579612387,-24
691065.7400851714,5336039.944051825,-24
691065.8822337909,5336040.307861145,-24
691066.0243265702,5336040.671409266,-24
691066.1667115988,5336041.035575191,-24
691066.309213745,5336041.399899507,-24
691066.4519406442,5336041.764646387,-24
691066.5949999318,5336042.130080005,-24
691066.738499243,5336042.496464534,-24
691066.8825462129,5336042.864064147,-24
691067.0273123268,5336043.2333058305,-24
691067.1729796361,5336043.6046431335,-24
691067.3195201163,5336043.977994082,-24
691067.4670418497,5336044.353623943,-24
691067.6120591117,5336044.722653117,-24
691067.7534946055,5336045.082345141,-24
691067.8920013079,5336045.434372122,-24
691068.035347519,5336045.798471739,-24
691068.1830090444,5336046.173291432,-24
691068.3283722282,5336046.542042606,-24
691068.4718881645,5336046.905887124,-24
691068.6140079469,5336047.265986856,-24
691068.7551826698,5336047.623503667,-24
691068.896460689,5336047.981110896,-24
691069.0387052835,5336048.341011301,-24
691069.181374692,5336048.701853703,-24
691069.3249356238,5336049.064840189,-24
691069.4698547879,5336049.431172841,-24
691069.6165988934,5336049.802053749,-24
691069.7612243588,5336050.16754003,-24
691069.8977882742,5336050.51263736,-24
691070.036922152,5336050.864230484,-24
691070.1789674475,5336051.223198877,-24
691070.3242656155,5336051.590422011,-24
691070.4731581112,5336051.966779359,-24
691070.6259863898,5336052.353150394,-24
691070.7679080074,5336052.712016102,-24
691070.9010532451,5336053.048755486,-24
691071.0375342423,5336053.3940020045,-24
691071.1775446406,5336053.748254412,-24
691071.3212780827,5336054.11201147,-24
691071.4689282103,5336054.48577193,-24
691071.6206886659,5336054.870034554,-24
691071.7767530915,5336055.265298095,-24
691071.8932879879,5336055.560513325,-24
691071.947604059,5336055.698130718,-24
691072.0024463449,5336055.837093993,-24
691072.057822092,5336055.977421812,-24
691072.1444121755,5336056.196857994,-24
691072.2726967566,5336056.521869162,-24
691072.405061694,5336056.857111359,-24
691072.5414315243,5336057.202396599,-24
691072.6817307847,5336057.557536897,-24
691072.8258840117,5336057.922344268,-24
691072.9738157423,5336058.296630726,-24
691073.1254505133,5336058.680208289,-24
691073.2807128618,5336059.072888969,-24
691073.4395273244,5336059.474484784,-24
691073.601818438,5336059.884807745,-24
691073.7675107396,5336060.303669869,-24
691073.936528766,5336060.730883172,-24
691074.1087970538,5336061.166259668,-24
691074.2842401402,5336061.609611372,-24
691074.4627825618,5336062.060750299,-24
691074.6443488557,5336062.519488464,-24
691074.8288635586,5336062.985637882,-24
691075.0162512073,5336063.459010569,-24
691075.2064363388,5336063.939418539,-24
691075.3958272686,5336064.41779258,-24
691075.5246715266,5336064.74322049,-24
691075.6546493004,5336065.071501105,-24
691075.7857388429,5336065.402580251,-24
691075.9179184074,5336065.736403755,-24
691076.0511662466,5336066.072917442,-24
691076.185460614,5336066.4120671395,-24
691076.3207797625,5336066.753798676,-24
691076.4571019451,5336067.098057874,-24
691076.5944054147,5336067.444790564,-24
691076.7326684247,5336067.79394257,-24
691076.8718692282,5336068.14545972,-24
691077.0119860779,5336068.49928784,-24
691077.152997227,5336068.855372757,-24
691077.2948809287,5336069.213660296,-24
691077.437615436,5336069.574096286,-24
691077.5811790021,5336069.936626552,-24
691077.7255498797,5336070.301196921,-24
691077.8707063221,5336070.667753219,-24
691078.0166265824,5336071.036241273,-24
691078.1632889136,5336071.406606912,-24
691078.3106715688,5336071.778795958,-24
691078.4587528011,5336072.15275424,-24
691078.6075108632,5336072.528427584,-24
691078.7569240088,5336072.9057618175,-24
691078.9069704905,5336073.284702766,-24
691079.0576285616,5336073.665196257,-24
691079.208876475,5336074.047188116,-24
691079.3606924837,5336074.430624171,-24
691079.5130548411,5336074.815450246,-24
691079.6659418,5336075.201612172,-24
691079.8193316135,5336075.589055771,-24
691079.9732025345,5336075.977726872,-24
691080.1275328165,5336076.367571301,-24
691080.2823007122,5336076.758534884,-24
691080.4374844749,5336077.150563449,-24
691080.5930623575,5336077.543602821,-24
691080.746623023,5336077.931561594,-24
691080.8897536267,5336078.293184097,-24
691081.0331619028,5336078.655522647,-24
691081.1768311454,5336079.018535632,-24
691081.3207446485,5336079.382181432,-24
691081.4648857063,5336079.746418433,-24
691081.6092376123,5336080.111205017,-24
691081.753783661,5336080.476499572,-24
691081.8985071462,5336080.842260477,-24
691082.0433913615,5336081.208446118,-24
691082.1884196014,5336081.575014881,-24
691082.3335751598,5336081.941925147,-24
691082.4788413304,5336082.309135299,-24
691082.6242014074,5336082.676603724,-24
691082.7696386849,5336083.044288807,-24
691082.9151364567,5336083.412148926,-24
691083.0606780167,5336083.78014247,-24
691083.206246659,5336084.148227822,-24
691083.3518256777,5336084.516363365,-24
691083.4973983667,5336084.884507483,-24
691083.6429480198,5336085.252618561,-24
691083.7884579313,5336085.620654982,-24
691083.9339113949,5336085.988575129,-24
691084.0792917048,5336086.356337387,-24
691084.2245821549,5336086.723900141,-24
691084.3697660391,5336087.091221774,-24
691084.5148266515,5336087.458260668,-24
691084.6597472861,5336087.82497521,-24
691084.8045112367,5336088.191323782,-24
691084.9491017975,5336088.557264769,-24
691085.0935022626,5336088.922756555,-24
691085.2376959256,5336089.287757522,-24
691085.3816660807,5336089.652226056,-24
691085.5253960218,5336090.01612054,-24
691085.668869043,5336090.379399358,-24
691085.8120684383,5336090.742020895,-24
691085.9549775014,5336091.103943532,-24
691086.0975795266,5336091.465125657,-24
691086.2398578078,5336091.825525651,-24
691086.381795639,5336092.185101898,-24
691086.5233763142,5336092.5438127825,-24
691086.6791816672,5336092.938610259,-24
691086.8357286012,5336093.335337541,-24
691086.9917672678,5336093.7308288,-24
691087.1472746821,5336094.125026778,-24
691087.3022278592,5336094.5178742185,-24
691087.4566038143,5336094.909313863,-24
691087.6103795627,5336095.299288457,-24
691087.7635321193,5336095.687740741,-24
691087.9160384998,5336096.074613459,-24
691088.0678757188,5336096.459849353,-24
691088.2190207917,5336096.843391167,-24
691088.3694507339,5336097.225181643,-24
691088.5191425601,5336097.605163523,-24
691088.6680732861,5336097.983279552,-24
691088.8162199265,5336098.359472473,-24
691088.9635594968,5336098.733685026,-24
691089.1100690119,5336099.105859957,-24
691089.2557254873,5336099.475940008,-24
691089.4005059379,5336099.843867919,-24
691089.5443873791,5336100.209586438,-24
691089.687346826,5336100.573038304,-24
691089.8293612935,5336100.934166263,-24
691089.9704077973,5336101.292913054,-24
691090.1104633522,5336101.649221422,-24
691090.2495049735,5336102.003034111,-24
691090.3875096764,5336102.354293861,-24
691090.5244544761,5336102.702943418,-24
691090.6603163874,5336103.048925523,-24
691090.7950724261,5336103.392182918,-24
691090.9286996069,5336103.732658349,-24
691091.0611749451,5336104.070294556,-24
691091.192475456,5336104.405034283,-24
691091.3225781546,5336104.736820274,-24
691091.4514600562,5336105.06559527,-24
691091.579098176,5336105.391302015,-24
691091.705469529,5336105.713883251,-24
691091.8833608888,5336106.168166431,-24
691092.0781850709,5336106.665961137,-24
691092.2695892174,5336107.155312032,-24
691092.4574815647,5336107.6359905265,-24
691092.6417703497,5336108.107768029,-24
691092.822363809,5336108.570415949,-24
691092.9991701791,5336109.023705699,-24
691093.1720976967,5336109.467408686,-24
691093.3410545985,5336109.901296319,-24
691093.5059491211,5336110.325140012,-24
691093.666689501,5336110.738711172,-24
691093.823183975,5336111.141781208,-24
691093.9753407798,5336111.534121532,-24
691094.123068152,5336111.915503552,-24
691094.2662743281,5336112.28569868,-24
691094.4048675449,5336112.644478323,-24
691094.538756039,5336112.991613893,-24
691094.6678480469,5336113.326876798,-24
691094.7811280332,5336113.621590834,-24
691094.83169216,5336113.753313284,-24
691094.8819183013,5336113.884264769,-24
691094.931807695,5336114.014446677,-24
691094.9813615786,5336114.143860397,-24
691095.1213954958,5336114.510150454,-24
691095.2676778003,5336114.893706655,-24
691095.4109148864,5336115.270197483,-24
691095.5511419382,5336115.639662446,-24
691095.688394139,5336116.002141051,-24
691095.8227066728,5336116.357672806,-24
691095.9541147229,5336116.706297217,-24
691096.0916536966,5336117.072010885,-24
691096.2375005971,5336117.460728555,-24
691096.3795650352,5336117.840257243,-24
691096.5179025297,5336118.210659295,-24
691096.6525685998,5336118.57199705,-24
691096.7836187646,5336118.92433285,-24
691096.9113312677,5336119.268329475,-24
691097.0578503119,5336119.66370442,-24
691097.1995413207,5336120.046720311,-24
691097.3364966479,5336120.41748085,-24
691097.4688086465,5336120.77608974,-24
691097.59656967,5336121.122650684,-24
691097.7350051086,5336121.498338877,-24
691097.8779966529,5336121.8863717085,-24
691098.0147517098,5336122.257203768,-24
691098.1454348657,5336122.6110198675,-24
691098.280899609,5336122.976822008,-24
691098.4832382944,5336123.520218699,-24
691098.5792238627,5336123.761019673,-24
691098.7204128908,5336124.055580564,-24
691098.9082496725,5336124.391647912,-24
691099.0901274617,5336124.732700078,-24
691099.2122183952,5336125.099116069,-24
691099.2483379634,5336125.496250095,-24
691099.2312342849,5336125.768131995,-24
691099.1670782019,5336126.163293052,-24
691099.059618536,5336126.614162824,-24
691098.9431734963,5336127.016524988,-24
691098.8290546197,5336127.369417241,-24
691098.7006064146,5336127.736487609,-24
691098.5593225955,5336128.114659086,-24
691098.4066968771,5336128.500854664,-24
691098.2505578479,5336128.877083296,-24
691098.0936507949,5336129.239288378,-24
691097.9307683592,5336129.600772351,-24
691097.7630799393,5336129.959126291,-24
691097.5917549334,5336130.311941268,-24
691097.4179627396,5336130.65680836,-24
691097.2192651418,5336131.035431218,-24
691097.0198503693,5336131.398543688,-24
691096.8222010068,5336131.741116551,-24
691096.62804479,5336132.059590726,-24
691096.422514312,5336132.374963881,-24
691096.1175843,5336132.792960371,-24
691095.8421101145,5336133.100785218,-24
691095.6583508003,5336133.255041334,-24
691095.3164007635,5336133.425521557,-24
691094.9357009688,5336133.508866592,-24
691094.5555810787,5336133.602755862,-24
691094.3885466128,5336133.66056389,-24
691093.9135354956,5336133.8417853685,-24
691093.4720500101,5336134.010325951,-24
691093.1326773979,5336134.139927077,-24
691092.77106002,5336134.2780542765,-24
691092.3888893411,5336134.4240605235,-24
691091.9878568258,5336134.577298795,-24
691091.6351268787,5336134.712099002,-24
691091.2805940165,5336134.847603781,-24
691090.9163145904,5336134.986848354,-24
691090.5432358809,5336135.129470361,-24
691090.1623051682,5336135.275107447,-24
691089.784116206,5336135.41970875,-24
691089.4248173973,5336135.557098175,-24
691089.0612518585,5336135.696129318,-24
691088.6941411338,5336135.836526173,-24
691088.3242067676,5336135.978012731,-24
691087.9521703045,5336136.120312987,-24
691087.5795267209,5336136.2628550725,-24
691087.2102512565,5336136.404118205,-24
691086.8410262591,5336136.545371384,-24
691086.472545859,5336136.686349089,-24
691086.1055041866,5336136.826785798,-24
691085.7405953723,5336136.966415991,-24
691085.3785135464,5336137.104974145,-24
691085.0691119808,5336137.223382362,-24
691084.709982319,5336137.360844371,-24
691084.3453666501,5336137.500431379,-24
691083.9755086105,5336137.642048642,-24
691083.6006518368,5336137.785601416,-24
691083.2210399659,5336137.930994955,-24
691082.8369166343,5336138.078134517,-24
691082.4485254792,5336138.226925355,-24
691082.086522369,5336138.365620298,-24
691081.7278274958,5336138.503058905,-24
691081.3661927491,5336138.641633877,-24
691081.0017995476,5336138.781274666,-24
691080.6348293088,5336138.921910722,-24
691080.2654634513,5336139.063471497,-24
691079.8938833933,5336139.205886443,-24
691079.5202705526,5336139.34908501,-24
691079.1448063476,5336139.492996649,-24
691078.7800841051,5336139.632793342,-24
691078.4161684276,5336139.772282238,-24
691078.0510327616,5336139.912239202,-24
691077.6848382874,5336140.0526015535,-24
691077.3177461858,5336140.1933066165,-24
691076.9499176376,5336140.334291709,-24
691076.5815138236,5336140.475494153,-24
691076.212695924,5336140.616851268,-24
691075.84362512,5336140.758300377,-24
691075.4745173292,5336140.899757825,-24
691075.105530634,5336141.04116212,-24
691074.7367743732,5336141.182470453,-24
691074.3684095879,5336141.323620201,-24
691074.0005973193,5336141.464548738,-24
691073.633498609,5336141.605193439,-24
691073.267274498,5336141.74549168,-24
691072.9020860278,5336141.885380835,-24
691072.5380942399,5336142.024798281,-24
691072.1727581557,5336142.164716165,-24
691071.7963869856,5336142.308843947,-24
691071.4218497437,5336142.452251661,-24
691071.0493288264,5336142.594868377,-24
691070.6790066301,5336142.736623165,-24
691070.3110655512,5336142.877445095,-24
691069.9456879862,5336143.017263241,-24
691069.5893024055,5336143.153622036,-24
691069.2333258174,5336143.289818977,-24
691068.8747711777,5336143.426997491,-24
691068.514018502,5336143.565011922,-24
691068.1511094896,5336143.703846048,-24
691067.7862803695,5336143.843409218,-24
691067.4197673709,5336143.983610786,-24
691067.0518067228,5336144.1243600985,-24
691066.6826346543,5336144.265566512,-24
691066.3124873943,5336144.407139373,-24
691065.9416011721,5336144.548988035,-24
691065.570950603,5336144.690739468,-24
691065.2022138285,5336144.831751666,-24
691064.8334449648,5336144.972768533,-24
691064.4648747202,5336145.113701543,-24
691064.0967338032,5336145.254462161,-24
691063.7292529225,5336145.394961858,-24
691063.3626627864,5336145.535112106,-24
691062.9971941039,5336145.67482437,-24
691062.6330775832,5336145.814010121,-24
691062.2669651881,5336145.953948676,-24
691061.889902324,5336146.098061659,-24
691061.5150879405,5336146.24130347,-24
691061.1427856858,5336146.383572939,-24
691060.773259209,5336146.5247688955,-24
691060.4067721578,5336146.664790168,-24
691060.0435881809,5336146.803535587,-24
691059.6839709268,5336146.940903981,-24
691059.3281840436,5336147.076794178,-24
691058.9543640962,5336147.219554754,-24
691058.5693774542,5336147.3665600745,-24
691058.1901422533,5336147.511348077,-24
691057.8170191775,5336147.653780358,-24
691057.4503689116,5336147.793718508,-24
691057.0905521401,5336147.931024125,-24
691056.7379295473,5336148.065558799,-24
691056.3928618176,5336148.197184122,-24
691055.9221081485,5336148.376704023,-24
691055.4339392846,5336148.5627981685,-24
691055.1078845458,5336148.686989004,-24
691054.8141339595,5336148.798691088,-24
691054.530383333,5336148.906425782,-24
691054.1823795019,5336149.038346252,-24
691053.8068999338,5336149.180448162,-24
691053.4450515157,5336149.317202183,-24
691053.0933483121,5336149.449997806,-24
691052.7201255431,5336149.5908594215,-24
691052.3534892915,5336149.729264948,-24
691051.9900415344,5336149.866592664,-24
691051.6292895102,5336150.003120221,-24
691051.266157366,5336150.140854773,-24
691050.8962368394,5336150.281553515,-24
691050.5308669243,5336150.420959598,-24
691050.1783372238,5336150.555908106,-24
691049.812712949,5336150.696338351,-24
691049.4316040261,5336150.843219771,-24
691049.0689610448,5336150.983467903,-24
691048.7049305434,5336151.124809302,-24
691048.3386346089,5336151.2675548885,-24
691047.9697756568,5336151.411773658,-24
691047.5980561028,5336151.557534613,-24
691047.2305945565,5336151.7019880265,-24
691046.8722148776,5336151.843166463,-24
691046.5104836036,5336151.985911355,-24
691046.1451474619,5336152.130281427,-24
691045.7759531798,5336152.276335404,-24
691045.4026474843,5336152.424132011,-24
691045.0443341836,5336152.566061395,-24
691044.6866534228,5336152.707769526,-24
691044.324724998,5336152.851154953,-24
691043.9583408239,5336152.996265924,-24
691043.5872928158,5336153.1431506835,-24
691043.2113728884,5336153.291857483,-24
691042.8553092149,5336153.432584216,-24
691042.4989578419,5336153.573279432,-24
691042.1379407507,5336153.715647414,-24
691041.7720938746,5336153.859726204,-24
691041.4012531474,5336154.005553839,-24
691041.0252545028,5336154.153168362,-24
691040.6782853046,5336154.289156805,-24
691040.3761064911,5336154.407402181,-24
691040.070490549,5336154.526807221,-24
691039.7613585849,5336154.647390216,-24
691039.4486317046,5336154.76916946,-24
691039.1322310143,5336154.892163246,-24
691038.6752729048,5336155.069401618,-24
691038.1900671931,5336155.257112877,-24
691037.7259122946,5336155.436261057,-24
691037.3772802392,5336155.570577193,-24
691037.0249809003,5336155.70611182,-24
691036.6690662281,5336155.842854699,-24
691036.3095881735,5336155.980795591,-24
691035.9465986869,5336156.119924256,-24
691035.5801497186,5336156.260230454,-24
691035.2102932197,5336156.401703947,-24
691034.8370811401,5336156.5443344945,-24
691034.4605654313,5336156.688111857,-24
691034.080798043,5336156.8330257945,-24
691033.6978309263,5336156.97906607,-24
691033.3266054279,5336157.120549212,-24
691032.972728592,5336157.2553568715,-24
691032.616326614,5336157.391072534,-24
691032.2574386194,5336157.527688486,-24
691031.896103732,5336157.66519702,-24
691031.5323610771,5336157.8035904225,-24
691031.1662497787,5336157.942860981,-24
691030.797808962,5336158.083000987,-24
691030.427077751,5336158.224002726,-24
691030.0540952709,5336158.365858489,-24
691029.6789006459,5336158.508560562,-24
691029.301533001,5336158.6521012345,-24
691028.9220314606,5336158.796472797,-24
691028.5533402133,5336158.936756746,-24
691028.1960673466,5336159.072725253,-24
691027.8370409991,5336159.209395445,-24
691027.4762928018,5336159.346761083,-24
691027.1138543847,5336159.484815936,-24
691026.7497573791,5336159.623553767,-24
691026.3840334151,5336159.762968345,-24
691026.0167141233,5336159.903053431,-24
691025.6478311346,5336160.043802794,-24
691025.2774160794,5336160.185210198,-24
691024.9055005884,5336160.327269411,-24
691024.5321162919,5336160.469974196,-24
691024.1572948209,5336160.613318319,-24
691023.7810678058,5336160.757295548,-24
691023.4150484398,5336160.8974628765,-24
691023.0551925945,5336161.035366851,-24
691022.6941520406,5336161.17382556,-24
691022.3319538813,5336161.312833661,-24
691021.9686252199,5336161.452385816,-24
691021.60419316,5336161.592476679,-24
691021.2386848052,5336161.733100908,-24
691020.8721272586,5336161.874253163,-24
691020.5045476239,5336162.0159281,-24
691020.1359730046,5336162.158120378,-24
691019.7664305039,5336162.300824656,-24
691019.3959472255,5336162.444035589,-24
691019.0245502726,5336162.5877478365,-24
691018.6522667488,5336162.731956057,-24
691018.2791237576,5336162.876654908,-24
691017.9989353347,5336162.98541372,-24
691017.7188842099,5336163.0942122135,-24
691017.438390271,5336163.203277638,-24
691017.1574648541,5336163.312607758,-24
691016.8761192943,5336163.422200338,-24
691016.5943649275,5336163.532053146,-24
691016.2544992319,5336163.664688643,-24
691015.8759326454,5336163.812549453,-24
691015.4916456621,5336163.962765989,-24
691015.1017931295,5336164.115275781,-24
691014.7065298948,5336164.270016364,-24
691014.3060108059,5336164.426925269,-24
691013.90039071,5336164.585940029,-24
691013.4898244546,5336164.746998179,-24
691013.074466887,5336164.910037248,-24
691012.6544728549,5336165.074994774,-24
691012.2299972055,5336165.241808285,-24
691011.8011947866,5336165.410415316,-24
691011.3682204454,5336165.5807534,-24
691010.9737146436,5336165.736033287,-24
691010.6285717844,5336165.871940611,-24
691010.2811187862,5336166.008809429,-24
691009.9314303475,5336166.146609605,-24
691009.5795811667,5336166.285311005,-24
691009.2256459425,5336166.424883495,-24
691008.8696993729,5336166.565296941,-24
691008.5118161563,5336166.706521211,-24
691008.1520709913,5336166.848526167,-24
691007.7905385764,5336166.991281677,-24
691007.4272936096,5336167.134757607,-24
691007.0624107898,5336167.278923822,-24
691006.695964815,5336167.423750188,-24
691006.3280303837,5336167.569206572,-24
691005.9586821945,5336167.715262839,-24
691005.5879949455,5336167.861888854,-24
691005.2160433353,5336168.009054486,-24
691004.842902062,5336168.156729596,-24
691004.4686458245,5336168.304884054,-24
691004.0933493208,5336168.453487723,-24
691003.7170872495,5336168.602510471,-24
691003.339934309,5336168.751922163,-24
691002.9619651975,5336168.901692664,-24
691002.5832546136,5336169.051791843,-24
691002.2038772556,5336169.202189562,-24
691001.8314035069,5336169.349883166,-24
691001.4651404681,5336169.495145082,-24
691001.0984632404,5336169.6406014785,-24
691000.7314384638,5336169.786225472,-24
691000.3641327784,5336169.931990176,-24
690999.9966128238,5336170.077868715,-24
690999.6289452399,5336170.223834199,-24
690999.261196667,5336170.369859747,-24
690998.8934337444,5336170.515918474,-24
690998.5257231125,5336170.6619835,-24
690998.158131411,5336170.808027939,-24
690997.7907252796,5336170.954024909,-24
690997.4235713582,5336171.099947528,-24
690997.0567362871,5336171.245768909,-24
690996.6902867059,5336171.391462174,-24
690996.3242892543,5336171.5370004345,-24
690995.9588105725,5336171.682356811,-24
690995.5939173002,5336171.827504418,-24
690995.2296760774,5336171.972416372,-24
690994.866153544,5336172.117065792,-24
690994.5034163399,5336172.261425793,-24
690994.1415311048,5336172.405469494,-24
690993.7805644787,5336172.549170009,-24
690993.4205831016,5336172.692500456,-24
690993.0616536131,5336172.835433951,-24
690992.7038426535,5336172.977943612,-24
690992.3259636053,5336173.128469284,-24
690991.9376159011,5336173.283189818,-24
690991.5508560608,5336173.437302528,-24
690991.1657711494,5336173.59077229,-24
690990.7824482322,5336173.74356398,-24
690990.4009743743,5336173.895642475,-24
690990.0214366403,5336174.046972655,-24
690989.6439220957,5336174.197519393,-24
690989.2685178055,5336174.347247569,-24
690988.8953108345,5336174.4961220585,-24
690988.5243882482,5336174.644107738,-24
690988.1558371114,5336174.791169486,-24
690987.7897444891,5336174.93727218,-24
690987.4261974466,5336175.082380695,-24
690987.0652830489,5336175.226459909,-24
690986.7070883609,5336175.3694747,-24
690986.3517004478,5336175.511389942,-24
690985.9992063746,5336175.652170516,-24
690985.6496932067,5336175.791781296,-24
690985.3032480087,5336175.930187161,-24
690984.9599578456,5336176.067352986,-24
690984.619909783,5336176.20324365,-24
690984.2831908858,5336176.337824027,-24
690983.9498882187,5336176.471058998,-24
690983.5235818853,5336176.6415009005,-24
690983.0994136162,5336176.811121498,-24
690982.681615459,5336176.978228235,-24
690982.2703817419,5336177.142742716,-24
690981.8659067937,5336177.304586547,-24
690981.4683849424,5336177.463681334,-24
690981.0780105166,5336177.619948683,-24
690980.6949778444,5336177.773310199,-24
690980.3194812544,5336177.923687489,-24
690979.9517150751,5336178.071002158,-24
690979.5918736347,5336178.215175811,-24
690979.2401512617,5336178.356130057,-24
690978.8967422844,5336178.493786499,-24
690978.5618410312,5336178.628066743,-24
690978.2356418305,5336178.758892396,-24
690977.9183390106,5336178.886185063,-24
690977.6101269,5336179.009866351,-24
690977.3519939374,5336179.113476116,-24
690977.007369983,5336179.251376972,-24
690976.6296126891,5336179.401731642,-24
690976.2582153238,5336179.54879132,-24
690975.8932268354,5336179.692637441,-24
690975.5346961726,5336179.83335144,-24
690975.1826722831,5336179.971014749,-24
690974.8232717885,5336180.111133545,-24
690974.43907344,5336180.26054232,-24
690974.063475872,5336180.406346743,-24
690973.696550882,5336180.548666264,-24
690973.3383702675,5336180.68762033,-24
690972.9890058264,5336180.823328388,-24
690972.6193745732,5336180.967283385,-24
690972.2364536275,5336181.1170643475,-24
690971.86571624,5336181.262997254,-24
690971.5072745736,5336181.405268704,-24
690971.1612407905,5336181.544065301,-24
690970.7910360348,5336181.694604038,-24
690970.4111686243,5336181.85191763,-24
690970.049510365,5336182.005158785,-24
690969.7062520456,5336182.154644912,-24
690969.3127371155,5336182.332363928,-24
690968.861912198,5336182.5473858,-24
690968.6052128207,5336182.678124828,-24
690968.304555194,5336182.84828288,-24
690967.9790315822,5336183.056858741,-24
690967.6608136543,5336183.2768865675,-24
690967.3376177215,5336183.489388936,-24
690966.996662409,5336183.677858611,-24
690966.6321350422,5336183.848869792,-24
690966.2700391462,5336183.998415431,-24
690965.9094397457,5336184.132762499,-24
690965.5513767159,5336184.2609595815,-24
690965.1783110019,5336184.395039499,-24
690964.9183267545,5336184.490072974,-24
690964.6276871588,5336184.598175225,-24
690964.1198600528,5336184.793756641,-24
690963.8959762213,5336184.883266642,-24
690963.6561107239,5336184.980729389,-24
690963.4005782256,5336185.085959481,-24
690963.1296933914,5336185.198771522,-24
690962.8437708861,5336185.3189801155,-24
690962.5431253744,5336185.44639986,-24
690962.2280715209,5336185.58084536,-24
690961.8989239907,5336185.722131214,-24
690961.5559974485,5336185.870072028,-24
690961.1996065591,5336186.024482401,-24
690960.8300659873,5336186.185176936,-24
690960.447690398,5336186.351970236,-24
690960.0527944559,5336186.524676901,-24
690959.6456928257,5336186.703111533,-24
690959.2267001724,5336186.887088736,-24
690958.7961311607,5336187.07642311,-24
690958.3543004554,5336187.270929256,-24
690957.9015227214,5336187.470421779,-24
690957.4381126234,5336187.67471528,-24
690956.9643848264,5336187.883624358,-24
690956.4935321592,5336188.091284132,-24
690956.1816146502,5336188.228837847,-24
690955.8658711561,5336188.3680561995,-24
690955.5463821382,5336188.50889178,-24
690955.223228058,5336188.651297183,-24
690954.8964893766,5336188.795225,-24
690954.5662465559,5336188.9406278245,-24
690954.2325800566,5336189.087458247,-24
690953.8955703407,5336189.235668865,-24
690953.5552978689,5336189.385212268,-24
690953.2118431032,5336189.536041048,-24
690952.8652865046,5336189.688107799,-24
690952.5157085345,5336189.841365116,-24
690952.1631896544,5336189.995765588,-24
690951.8078103256,5336190.15126181,-24
690951.4496510095,5336190.307806374,-24
690951.0887921673,5336190.465351873,-24
690950.7253142605,5336190.6238509,-24
690950.3592977504,5336190.783256047,-24
690949.9908230986,5336190.943519908,-24
690949.6199707661,5336191.104595074,-24
690949.2468212144,5336191.26643414,-24
690948.8714549051,5336191.428989697,-24
690948.4939522992,5336191.5922143385,-24
690948.1143938584,5336191.756060657,-24
690947.7328600438,5336191.920481248,-24
690947.3494313168,5336192.085428698,-24
690946.964188139,5336192.250855606,-24
690946.5772109715,5336192.416714561,-24
690946.1885802759,5336192.582958159,-24
690945.7983765133,5336192.749538989,-24
690945.4066801452,5336192.916409647,-24
690945.0135716329,5336193.083522723,-24
690944.6191314379,5336193.250830813,-24
690944.2408400477,5336193.410931055,-24
690943.8799953323,5336193.563312859,-24
690943.518239835,5336193.7157436,-24
690943.1556340847,5336193.868187615,-24
690942.7922386097,5336194.020609242,-24
690942.4281139382,5336194.172972816,-24
690942.0633205989,5336194.325242675,-24
690941.6979191203,5336194.477383158,-24
690941.3319700304,5336194.6293586,-24
690940.965533858,5336194.781133339,-24
690940.5986711317,5336194.932671712,-24
690940.2314423794,5336195.083938055,-24
690939.8639081301,5336195.234896707,-24
690939.4961289119,5336195.385512004,-24
690939.1281652532,5336195.535748283,-24
690938.7600776826,5336195.685569881,-24
690938.3919267287,5336195.834941136,-24
690938.0237729194,5336195.983826385,-24
690937.6556767836,5336196.132189964,-24
690937.2876988498,5336196.279996211,-24
690936.9198996461,5336196.427209464,-24
690936.552339701,5336196.573794058,-24
690936.1850795432,5336196.7197143305,-24
690935.8181797009,5336196.86493462,-24
690935.4517007024,5336197.009419263,-24
690935.0857030766,5336197.153132596,-24
690934.7202473517,5336197.296038957,-24
690934.355394056,5336197.438102682,-24
690933.991203718,5336197.579288109,-24
690933.6277368664,5336197.719559575,-24
690933.2650540292,5336197.858881418,-24
690932.9032157352,5336197.997217973,-24
690932.5422825128,5336198.1345335785,-24
690932.1823148901,5336198.270792571,-24
690931.823373396,5336198.405959289,-24
690931.4655185586,5336198.539998067,-24
690931.1088109064,5336198.672873244,-24
690930.719134461,5336198.817167824,-24
690930.3036877739,5336198.96998341,-24
690929.8900937705,5336199.121035692,-24
690929.4784502927,5336199.270267022,-24
690929.0688551826,5336199.417619753,-24
690928.6614062822,5336199.563036235,-24
690928.2562014333,5336199.706458824,-24
690927.853338478,5336199.847829868,-24
690927.4529152584,5336199.987091723,-24
690927.0550296163,5336200.124186738,-24
690926.6597793937,5336200.2590572685,-24
690926.2672624327,5336200.391645663,-24
690925.8775765753,5336200.521894278,-24
690925.4908196632,5336200.649745462,-24
690925.1070895386,5336200.775141569,-24
690924.7264840434,5336200.898024951,-24
690924.3491010198,5336201.01833796,-24
690923.9750383095,5336201.13602295,-24
690923.6043937546,5336201.251022272,-24
690923.2372651972,5336201.363278277,-24
690922.8737504791,5336201.472733318,-24
690922.5139474424,5336201.579329749,-24
690922.1579539289,5336201.68300992,-24
690921.8058677808,5336201.783716183,-24
690921.45778684,5336201.881390893,-24
690921.1138089485,5336201.975976399,-24
690920.7740319483,5336202.067415057,-24
690920.4385536812,5336202.155649215,-24
690920.1074719895,5336202.240621229,-24
690919.7808847149,5336202.322273448,-24
690919.4588896995,5336202.400548227,-24
690919.1136903511,5336202.481853593,-24
690918.490444887,5336202.621221569,-24
690917.8874344402,5336202.745945287,-24
690917.3054571224,5336202.855554506,-24
690916.7453110451,5336202.949578984,-24
690916.2077943201,5336203.027548479,-24
690915.6937050588,5336203.08899275,-24
690915.2038413727,5336203.133441558,-24
690914.7390013735,5336203.16042466,-24
690914.2999831727,5336203.169471814,-24
690914.1099542334,5336203.167842873,-24
690913.9203020963,5336203.163083795,-24
690913.7308779625,5336203.155269256,-24
690913.5417366677,5336203.144473967,-24
690913.3529330475,5336203.130772644,-24
690913.1645219376,5336203.11424,-24
690912.881388699,5336203.084134792,-24
690912.4864205832,5336203.031857549,-24
690912.094338273,5336202.968473013,-24
690911.7056596234,5336202.89468676,-24
690911.3209024881,5336202.81120437,-24
690910.9405847219,5336202.718731421,-24
690910.5652241787,5336202.617973493,-24
690910.1936457768,5336202.50911989,-24
690909.8020890139,5336202.384760586,-24
690909.4181308331,5336202.253315439,-24
690909.042417856,5336202.115665477,-24
690908.6755967035,5336201.972691721,-24
690908.3183139969,5336201.825275197,-24
690907.9712163575,5336201.674296928,-24
690907.6222522074,5336201.514691095,-24
690907.2345143985,5336201.327956886,-24
690906.8644560721,5336201.140202317,-24
690906.513194367,5336200.952949493,-24
690906.1818464212,5336200.767720518,-24
690905.8715293729,5336200.586037498,-24
690905.5207202064,5336200.369924246,-24
690905.1436377908,5336200.122513322,-24
690904.8222899424,5336199.895469624,-24
690904.5603549537,5336199.693804843,-24
690904.2620399628,5336199.421385578,-24
690904.1561510334,5336199.106445711,-24
690904.029370335,5336198.747622181,-24
690903.9422226358,5336198.52635018,-24
690903.8378374305,5336198.26128671,-24
690903.717071638,5336197.9546093345,-24
690903.5807821763,5336197.608495614,-24
690903.4298259644,5336197.225123106,-24
690903.2650599203,5336196.806669373,-24
690903.0873409626,5336196.355311975,-24
690902.8975260099,5336195.873228474,-24
690902.7398721302,5336195.472823312,-24
690902.6137504999,5336195.152501663,-24
690902.4839129908,5336194.822741715,-24
690902.3505524877,5336194.484033618,-24
690902.2138618751,5336194.136867521,-24
690902.0740340378,5336193.781733574,-24
690901.9312618602,5336193.419121927,-24
690901.7857382272,5336193.049522726,-24
690901.6376560235,5336192.673426124,-24
690901.4872081337,5336192.291322269,-24
690901.3345874425,5336191.903701309,-24
690901.1799868345,5336191.511053396,-24
690901.0235991944,5336191.113868678,-24
690900.8656174068,5336190.712637304,-24
690900.7151701867,5336190.330543841,-24
690900.572807856,5336189.968985794,-24
690900.4296206436,5336189.605334996,-24
690900.2857432367,5336189.239933705,-24
690900.1413103217,5336188.873124181,-24
690899.9964565858,5336188.5052486835,-24
690899.8513167157,5336188.136649472,-24
690899.706025398,5336187.767668806,-24
690899.5607173196,5336187.3986489475,-24
690899.4155271674,5336187.029932154,-24
690899.270589628,5336186.661860686,-24
690899.1260393886,5336186.294776802,-24
690898.9820111356,5336185.929022763,-24
690898.8386395558,5336185.564940829,-24
690898.6960593363,5336185.202873259,-24
690898.5544051639,5336184.843162313,-24
690898.4009111664,5336184.45339185,-24
690898.2424061742,5336184.050903996,-24
690898.0856663727,5336183.652906169,-24
690897.9308906568,5336183.259903787,-24
690897.778277922,5336182.872402273,-24
690897.6280270631,5336182.490907054,-24
690897.4803369753,5336182.11592355,-24
690897.3354065539,5336181.747957186,-24
690897.1934346941,5336181.387513382,-24
690897.0546202911,5336181.035097564,-24
690896.9191622398,5336180.691215152,-24
690896.7872594356,5336180.356371571,-24
690896.6591107736,5336180.031072244,-24
690896.534915149,5336179.715822594,-24
690896.3288019701,5336179.19267781,-24
690896.1118813565,5336178.6421679845,-24
690895.9139547149,5336178.139941852,-24
690895.7365446193,5336177.689868505,-24
690895.657025584,5336177.488171521,-24
690895.5820142439,5336177.297926781,-24
690895.5103753272,5336177.116253736,-24
690895.3771360315,5336176.77841854,-24
690895.23051125,5336176.406734695,-24
690895.0959273148,5336176.065666469,-24
690894.9518374838,5336175.700608452,-24
690894.8089056447,5336175.338573589,-24
690894.6692185197,5336174.984812806,-24
690894.529517139,5336174.631030558,-24
690894.3813782004,5336174.255856195,-24
690894.2457892078,5336173.912419578,-24
690894.107167897,5336173.561246294,-24
690893.9549472322,5336173.175554273,-24
690893.849900043,5336172.909349894,-24
690893.7950537136,5336172.770349686,-24
690893.6952998823,5336172.517526676,-24
690893.5613242633,5336172.177971202,-24
690893.4159524194,5336171.809534429,-24
690893.259787874,5336171.413745482,-24
690893.0934341507,5336170.9921334945,-24
690892.9174947732,5336170.546227594,-24
690892.7325732646,5336170.07755691,-24
690892.5392731491,5336169.587650573,-24
690892.3661130737,5336169.148786974,-24
690892.2365718059,5336168.820471905,-24
690892.1043125013,5336168.485267449,-24
690891.9694852012,5336168.143553762,-24
690891.8322399469,5336167.795710996,-24
690891.6927267801,5336167.442119311,-24
690891.5510957419,5336167.083158859,-24
690891.407496874,5336166.719209796,-24
690891.2620802176,5336166.350652279,-24
690891.114995814,5336165.977866462,-24
690890.9663937049,5336165.6012325,-24
690890.8164239314,5336165.221130549,-24
690890.6652365352,5336164.837940764,-24
690890.5129815575,5336164.452043301,-24
690890.3598090397,5336164.063818315,-24
690890.2058690231,5336163.673645961,-24
690890.0529819218,5336163.286140114,-24
690889.9061814632,5336162.914059248,-24
690889.7590877804,5336162.541232956,-24
690889.611828314,5336162.167984129,-24
690889.4645305047,5336161.794635662,-24
690889.3173217927,5336161.421510446,-24
690889.170329619,5336161.048931371,-24
690889.0236814234,5336160.677221332,-24
690888.8775046468,5336160.30670322,-24
690888.7319267294,5336159.937699927,-24
690888.5870751122,5336159.570534345,-24
690888.4430772352,5336159.205529368,-24
690888.3000605392,5336158.843007883,-24
690888.1581524644,5336158.483292787,-24
690888.0174804516,5336158.126706971,-24
690887.8781719411,5336157.773573328,-24
690887.7403543736,5336157.424214748,-24
690887.5994513623,5336157.0670299865,-24
690887.4308099546,5336156.639522366,-24
690887.2651875563,5336156.219659979,-24
690887.1028373288,5336155.808084253,-24
690886.944012434,5336155.405436617,-24
690886.7889660336,5336155.012358499,-24
690886.6379512898,5336154.629491327,-24
690886.491221364,5336154.25747653,-24
690886.3490294182,5336153.896955536,-24
690886.211628614,5336153.548569772,-24
690886.0792721135,5336153.21296067,-24
690885.9522130784,5336152.890769656,-24
690885.8307046703,5336152.582638158,-24
690885.7150000513,5336152.289207607,-24
690885.5207420101,5336151.796516125,-24
690885.2918063761,5336151.215762109,-24
690885.1060935621,5336150.744496593,-24
690884.9673749543,5336150.392275027,-24
690884.8794219395,5336150.168652857,-24
690884.8642213459,5336150.129924581,-24
690884.8108803589,5336149.993267456,-24
690884.8047160794,5336149.97747711,-24
690884.7147017305,5336149.7463295255,-24
690884.4423834519,5336149.044940381,-24
690884.1748363401,5336148.355196787,-24
690884.0791508034,5336148.108467509,-24
690883.9776585749,5336147.846751682,-24
690883.870482561,5336147.5703699775,-24
690883.7577456674,5336147.279643065,-24
690883.6395708004,5336146.974891618,-24
690883.5160808663,5336146.656436307,-24
690883.387398771,5336146.324597806,-24
690883.2536474209,5336145.979696783,-24
690883.1149497221,5336145.622053914,-24
690882.9714285806,5336145.2519898685,-24
690882.8232069026,5336144.8698253175,-24
690882.6704075943,5336144.475880933,-24
690882.5131535619,5336144.070477388,-24
690882.3515677113,5336143.653935354,-24
690882.1857729489,5336143.226575502,-24
690882.0158921807,5336142.788718505,-24
690881.842048313,5336142.340685032,-24
690881.6643642518,5336141.882795758,-24
690881.4829629033,5336141.415371352,-24
690881.3196900313,5336140.994698603,-24
690881.1941480436,5336140.671265375,-24
690881.0670803206,5336140.343924704,-24
690880.9385237516,5336140.012772841,-24
690880.8085152264,5336139.677906035,-24
690880.6770916346,5336139.339420531,-24
690880.5442898659,5336138.997412579,-24
690880.41014681,5336138.651978425,-24
690880.2746993565,5336138.303214318,-24
690880.137984395,5336137.951216508,-24
690880.0000388153,5336137.59608124,-24
690879.860899507,5336137.237904764,-24
690879.7206033597,5336136.876783325,-24
690879.5791872632,5336136.512813174,-24
690879.4366881067,5336136.146090559,-24
690879.2931427804,5336135.776711727,-24
690879.1485881738,5336135.404772925,-24
690879.0030611763,5336135.030370402,-24
690878.8565986779,5336134.653600407,-24
690878.7092375681,5336134.274559187,-24
690878.5610147363,5336133.89334299,-24
690878.4119670726,5336133.510048063,-24
690878.2621314665,5336133.124770655,-24
690878.1115448076,5336132.737607015,-24
690877.9602439854,5336132.348653389,-24
690877.8082658899,5336131.958006027,-24
690877.6556474105,5336131.565761175,-24
690877.5024254367,5336131.172015082,-24
690877.3486368587,5336130.776863997,-24
690877.1943185658,5336130.380404165,-24
690877.0449523219,5336129.996717479,-24
690876.9032002344,5336129.6326368125,-24
690876.7610949706,5336129.267695823,-24
690876.6186646201,5336128.901967795,-24
690876.4759372724,5336128.535526019,-24
690876.3329410165,5336128.16844378,-24
690876.189703942,5336127.800794369,-24
690876.0462541385,5336127.43265107,-24
690875.9026196948,5336127.064087171,-24
690875.758828701,5336126.695175961,-24
690875.614909246,5336126.325990725,-24
690875.4708894191,5336125.956604754,-24
690875.3267973101,5336125.58709133,-24
690875.1826610082,5336125.217523746,-24
690875.0385086025,5336124.847975288,-24
690874.8943681829,5336124.47851924,-24
690874.7502678384,5336124.109228892,-24
690874.6062356585,5336123.740177531,-24
690874.4622997326,5336123.371438445,-24
690874.31848815,5336123.003084921,-24
690874.1748290003,5336122.635190246,-24
690874.0313503727,5336122.267827707,-24
690873.8880803565,5336121.901070593,-24
690873.7450470412,5336121.534992191,-24
690873.6022785163,5336121.169665786,-24
690873.4598028711,5336120.805164669,-24
690873.3176481947,5336120.4415621245,-24
690873.1758425769,5336120.0789314415,-24
690873.0344141069,5336119.717345907,-24
690872.8933908743,5336119.356878808,-24
690872.752800968,5336118.997603431,-24
690872.6126724777,5336118.639593068,-24
690872.4730334927,5336118.282921,-24
690872.3215064772,5336117.89598593,-24
690872.162681628,5336117.490532783,-24
690872.0046202155,5336117.087151921,-24
690871.847364614,5336116.685953905,-24
690871.6909571975,5336116.28704929,-24
690871.5354403403,5336115.890548633,-24
690871.3808564162,5336115.496562494,-24
690871.2272477994,5336115.105201425,-24
690871.074656864,5336114.716575989,-24
690870.9231259841,5336114.330796741,-24
690870.7726975337,5336113.947974236,-24
690870.6234138869,5336113.568219036,-24
690870.4753174178,5336113.191641694,-24
690870.3284505003,5336112.818352769,-24
690870.1828555088,5336112.44846282,-24
690870.0385748171,5336112.082082399,-24
690869.8956507995,5336111.71932207,-24
690869.75412583,5336111.360292385,-24
690869.6140422826,5336111.005103905,-24
690869.4754425314,5336110.653867184,-24
690869.3383689505,5336110.306692783,-24
690869.2028639138,5336109.963691255,-24
690869.0689697958,5336109.624973161,-24
690868.9367289703,5336109.2906490555,-24
690868.8061838115,5336108.960829497,-24
690868.6773766932,5336108.635625044,-24
690868.5503499898,5336108.315146252,-24
690868.4251460752,5336107.999503678,-24
690868.3009688872,5336107.686696688,-24
690868.1142348927,5336107.216805107,-24
690867.9322092064,5336106.759389753,-24
690867.7706877672,5336106.354068902,-24
690867.6312142547,5336106.004495466,-24
690867.4915561614,5336105.654833103,-24
690867.3517309746,5336105.305117406,-24
690867.2117561819,5336104.955383971,-24
690867.0716492708,5336104.605668394,-24
690866.9314277292,5336104.256006267,-24
690866.791109044,5336103.906433185,-24
690866.6507107031,5336103.556984742,-24
690866.5102501939,5336103.207696535,-24
690866.3697450042,5336102.858604156,-24
690866.2292126213,5336102.509743201,-24
690866.0886705326,5336102.161149264,-24
690865.9481362258,5336101.81285794,-24
690865.8076271887,5336101.464904823,-24
690865.6671609083,5336101.117325507,-24
690865.5220934275,5336100.758634013,-24
690865.3724533503,5336100.388919017,-24
690865.222923539,5336100.019754583,-24
690865.0735252012,5336099.651183873,-24
690864.9242795445,5336099.283250057,-24
690864.7752077761,5336098.9159963,-24
690864.6263311038,5336098.549465767,-24
690864.4776707353,5336098.183701628,-24
690864.3292478782,5336097.818747046,-24
690864.1810837399,5336097.454645189,-24
690864.033199528,5336097.091439225,-24
690863.88561645,5336096.729172316,-24
690863.7383557137,5336096.367887633,-24
690863.5914385265,5336096.00762834,-24
690863.444886096,5336095.648437604,-24
690863.2987196299,5336095.290358593,-24
690863.1529603356,5336094.93343447,-24
690863.0063752464,5336094.57463919,-24
690862.8525925553,5336094.198380825,-24
690862.6993420983,5336093.823573301,-24
690862.5466492462,5336093.450268258,-24
690862.3945393708,5336093.078517341,-24
690862.2430378426,5336092.708372188,-24
690862.0921700331,5336092.3398844395,-24
690861.9419613135,5336091.973105739,-24
690861.7924370548,5336091.608087724,-24
690861.6436226284,5336091.244882041,-24
690861.4955434054,5336090.883540326,-24
690861.3482247568,5336090.524114223,-24
690861.2016920539,5336090.166655372,-24
690861.055970668,5336089.811215414,-24
690860.9110859698,5336089.457845991,-24
690860.767063331,5336089.106598743,-24
690860.6239281226,5336088.757525313,-24
690860.469215368,5336088.38021586,-24
690860.3122720164,5336087.997451961,-24
690860.1565262255,5336087.617579991,-24
690860.0020128738,5336087.240670944,-24
690859.8487668395,5336086.866795811,-24
690859.6968230013,5336086.496025585,-24
690859.5462162375,5336086.128431259,-24
690859.3969814263,5336085.764083823,-24
690859.2491534466,5336085.403054273,-24
690859.1027671766,5336085.045413598,-24
690858.9578574947,5336084.691232794,-24
690858.8144592793,5336084.340582849,-24
690858.6726074091,5336083.99353476,-24
690858.5323367622,5336083.650159517,-24
690858.3904871767,5336083.302699264,-24
690858.2144430553,5336082.871136143,-24
690858.0412118782,5336082.446051881,-24
690857.8708681,5336082.0275980225,-24
690857.7034861748,5336081.615926115,-24
690857.5391405578,5336081.211187707,-24
690857.3779057035,5336080.813534343,-24
690857.2198560665,5336080.423117571,-24
690857.0650661015,5336080.040088938,-24
690856.9166933091,5336079.672251282,-24
690856.830612571,5336079.45862883,-24
690856.7466834324,5336079.250311704,-24
690856.6107588324,5336078.912856056,-24
690856.4536061642,5336078.522546664,-24
690856.3035957818,5336078.149791856,-24
690856.1600093787,5336077.792796095,-24
690856.0221286475,5336077.449763837,-24
690855.8888853168,5336077.118027894,-24
690855.7359162241,5336076.736844599,-24
690855.5877986314,5336076.3673633505,-24
690855.4433137856,5336076.006537646,-24
690855.301242933,5336075.6513209855,-24
690855.1601445331,5336075.298108826,-24
690855.0184486763,5336074.942972033,-24
690854.8754876321,5336074.584242688,-24
690854.7300219442,5336074.218822538,-24
690854.5808121561,5336073.84361333,-24
690854.4405402355,5336073.490569666,-24
690854.3058438335,5336073.151316954,-24
690854.1660264493,5336072.798955911,-24
690854.020338552,5336072.431612946,-24
690853.86803061,5336072.047414466,-24
690853.7091977451,5336071.64661857,-24
690853.6299289237,5336071.446551382,-24
690853.5487170473,5336071.241556661,-24
690853.4654798205,5336071.031428699,-24
690853.3801349489,5336070.815961783,-24
690853.292600137,5336070.5949502,-24
690853.1249988814,5336070.171627155,-24
690852.9413248829,5336069.707363409,-24
690852.7526707862,5336069.230173889,-24
690852.5591496737,5336068.740353589,-24
690852.3608746271,5336068.238197503,-24
690852.1579587288,5336067.724000628,-24
690851.9812185513,5336067.275918452,-24
690851.8503985957,5336066.944136578,-24
690851.7178925782,5336066.607981712,-24
690851.5837276845,5336066.267524774,-24
690851.4479310992,5336065.92283668,-24
690851.3105300078,5336065.573988348,-24
690851.171551595,5336065.2210506955,-24
690851.0310230461,5336064.864094637,-24
690850.8889715463,5336064.503191094,-24
690850.7454242805,5336064.138410982,-24
690850.6004084338,5336063.769825216,-24
690850.4539511916,5336063.397504718,-24
690850.3060797385,5336063.021520402,-24
690850.1568212602,5336062.6419431865,-24
690850.0062029413,5336062.258843988,-24
690849.8542519673,5336061.872293725,-24
690849.7009955227,5336061.4823633125,-24
690849.5464607932,5336061.08912367,-24
690849.3906749636,5336060.692645715,-24
690849.24884078,5336060.331629754,-24
690849.1126820354,5336059.985021228,-24
690848.9756501238,5336059.636153756,-24
690848.8377624396,5336059.28507271,-24
690848.6990363775,5336058.931823471,-24
690848.5594893313,5336058.576451413,-24
690848.4191386957,5336058.2190019125,-24
690848.278001865,5336057.859520349,-24
690848.1360962337,5336057.498052093,-24
690847.993439196,5336057.134642526,-24
690847.8500481464,5336056.769337021,-24
690847.7059404792,5336056.402180956,-24
690847.5611335887,5336056.033219709,-24
690847.4156448693,5336055.662498653,-24
690847.2694917154,5336055.290063167,-24
690847.1226915215,5336054.915958626,-24
690846.9752616816,5336054.540230407,-24
690846.8272195905,5336054.162923887,-24
690846.6785826423,5336053.784084441,-24
690846.5293682314,5336053.403757446,-24
690846.3795937526,5336053.02198828,-24
690846.2293373613,5336052.638977205,-24
690846.0896971842,5336052.283016266,-24
690845.9496205336,5336051.9259328805,-24
690845.8091212149,5336051.567763062,-24
690845.6682130328,5336051.208542822,-24
690845.5269097924,5336050.848308175,-24
690845.3852252986,5336050.487095132,-24
690845.2431733563,5336050.124939704,-24
690845.1007677707,5336049.76187791,-24
690844.9580223464,5336049.397945758,-24
690844.8149508889,5336049.033179263,-24
690844.6715672028,5336048.667614435,-24
690844.5278850932,5336048.30128729,-24
690844.383918365,5336047.934233838,-24
690844.2396808233,5336047.566490094,-24
690844.095186273,5336047.19809207,-24
690843.950448519,5336046.82907578,-24
690843.8054813665,5336046.459477236,-24
690843.6602986201,5336046.089332448,-24
690843.5149140853,5336045.718677434,-24
690843.3693415666,5336045.347548203,-24
690843.2235948693,5336044.975980769,-24
690843.0776877982,5336044.6040111445,-24
690842.9316341584,5336044.231675343,-24
690842.7871236796,5336043.863281682,-24
690842.643724886,5336043.497730759,-24
690842.5002246567,5336043.131930761,-24
690842.3566359908,5336042.765915598,-24
690842.2129718871,5336042.399719181,-24
690842.0692453448,5336042.03337542,-24
690841.9254693631,5336041.666918225,-24
690841.7816569412,5336041.300381507,-24
690841.6378210776,5336040.9337991765,-24
690841.4939747719,5336040.567205143,-24
690841.3501310232,5336040.200633319,-24
690841.2063028301,5336039.834117613,-24
690841.0625031922,5336039.4676919365,-24
690840.9187451083,5336039.1013902,-24
690840.7750415778,5336038.735246315,-24
690840.6314055992,5336038.36929419,-24
690840.487850172,5336038.003567736,-24
690840.3443882953,5336037.638100864,-24
690840.201032968,5336037.272927485,-24
690840.0577971893,5336036.908081508,-24
690839.9146939582,5336036.543596844,-24
690839.7717362738,5336036.1795074055,-24
690839.6289371352,5336035.8158471,-24
690839.4863095415,5336035.452649838,-24
690839.370910195,5336035.158808334,-24
690839.2686679207,5336034.8984838985,-24
690839.166531154,5336034.638442718,-24
690839.0487916208,5336034.338691056,-24
690838.9184937411,5336034.006967688,-24
690838.7867096798,5336033.671459537,-24
690838.6534648248,5336033.332231246,-24
690838.5187845643,5336032.989347453,-24
690838.382694287,5336032.642872801,-24
690838.2452193806,5336032.292871932,-24
690838.1063852337,5336031.939409484,-24
690837.9662172344,5336031.5825501,-24
690837.824740771,5336031.222358422,-24
690837.6819812318,5336030.8588990895,-24
690837.5379640049,5336030.492236746,-24
690837.3927144787,5336030.122436029,-24
690837.2462580414,5336029.749561582,-24
690837.0986200812,5336029.373678046,-24
690836.9498259864,5336028.994850062,-24
690836.7999011453,5336028.613142271,-24
690836.6488709459,5336028.228619314,-24
690836.4967607768,5336027.841345833,-24
690836.3435960262,5336027.451386468,-24
690836.189402082,5336027.05880586,-24
690836.0342043329,5336026.663668651,-24
690835.8780281667,5336026.266039481,-24
690835.720898972,5336025.865982993,-24
690835.5628421368,5336025.463563827,-24
690835.4038830497,5336025.058846624,-24
690835.2440470986,5336024.651896025,-24
690835.0833596719,5336024.242776671,-24
690834.9218461578,5336023.831553205,-24
690834.7595319446,5336023.418290266,-24
690834.6070742838,5336023.030122017,-24
690834.4696900425,5336022.680331165,-24
690834.3317916513,5336022.329230666,-24
690834.1933941084,5336021.976858704,-24
690834.054512412,5336021.623253468,-24
690833.9151615605,5336021.2684531445,-24
690833.7753565521,5336020.912495921,-24
690833.6351123849,5336020.555419985,-24
690833.4944440576,5336020.197263522,-24
690833.353366568,5336019.838064719,-24
690833.2118949146,5336019.477861767,-24
690833.0700440955,5336019.1166928485,-24
690832.9278291092,5336018.754596153,-24
690832.785264954,5336018.391609868,-24
690832.6423666278,5336018.027772179,-24
690832.4991491293,5336017.663121274,-24
690832.3556274563,5336017.297695341,-24
690832.2118166075,5336016.9315325655,-24
690832.0677315809,5336016.5646711355,-24
690831.9233873751,5336016.197149239,-24
690831.7787989879,5336015.829005061,-24
690831.6339814179,5336015.460276792,-24
690831.488949663,5336015.091002615,-24
690831.3437187219,5336014.721220721,-24
690831.1983035927,5336014.350969293,-24
690831.0527192737,5336013.980286523,-24
690830.9069807632,5336013.609210595,-24
690830.7611030592,5336013.2377796965,-24
690830.6151011602,5336012.8660320155,-24
690830.4689900646,5336012.494005738,-24
690830.3227847704,5336012.121739053,-24
690830.1765002758,5336011.749270146,-24
690830.0301515794,5336011.376637204,-24
690829.8837536793,5336011.003878415,-24
690829.7373215738,5336010.631031966,-24
690829.5908702611,5336010.258136044,-24
690829.4444147394,5336009.885228837,-24
690829.2979700072,5336009.512348532,-24
690829.1515510625,5336009.139533313,-24
690829.0051729039,5336008.766821371,-24
690828.8570166606,5336008.389581437,-24
690828.7083322585,5336008.010996092,-24
690828.559736969,5336007.632637047,-24
690828.4112465519,5336007.254544431,-24
690828.262876767,5336006.876758367,-24
690828.1146433741,5336006.499318984,-24
690827.9665621329,5336006.122266407,-24
690827.8186488034,5336005.74564076,-24
690827.6709191452,5336005.369482173,-24
690827.523388918,5336004.993830768,-24
690827.3760738819,5336004.618726674,-24
690827.2289897964,5336004.244210016,-24
690827.0821524214,5336003.870320919,-24
690826.9355775166,5336003.497099512,-24
690826.7892808418,5336003.124585917,-24
690826.6432781569,5336002.752820264,-24
690826.4975852218,5336002.381842677,-24
690826.3522177958,5336002.011693281,-24
690826.2071916391,5336001.642412204,-24
690826.0625225113,5336001.274039572,-24
690825.9182261724,5336000.90661551,-24
690825.774318382,5336000.540180145,-24
690825.6308148999,5336000.174773602,-24
690825.4877314859,5335999.810436007,-24
690825.3450838997,5335999.447207489,-24
690825.2028879013,5335999.0851281695,-24
690825.0611592503,5335998.724238178,-24
690824.9199137065,5335998.364577639,-24
690824.7791670298,5335998.006186679,-24
690824.6389349799,5335997.649105424,-24
690824.4992333166,5335997.293373998,-24
690824.3600777996,5335996.939032532,-24
690824.2214841888,5335996.586121148,-24
690824.0834682441,5335996.234679973,-24
690823.9460457249,5335995.884749134,-24
690823.8092323913,5335995.536368756,-24
690823.673044003,5335995.189578964,-24
690823.5374963197,5335994.844419887,-24
690823.4026051015,5335994.5009316495,-24
690823.2457796235,5335994.101588804,-24
690823.0824598412,5335993.685707584,-24
690822.9202052375,5335993.272537536,-24
690822.7590447748,5335992.862152403,-24
690822.5990074162,5335992.454625927,-24
690822.4401221246,5335992.050031848,-24
690822.2824178629,5335991.648443914,-24
690822.1259235939,5335991.249935863,-24
690821.9706682803,5335990.854581439,-24
690821.8166808849,5335990.462454385,-24
690821.663990371,5335990.073628443,-24
690821.5126257011,5335989.688177356,-24
690821.3626158382,5335989.306174863,-24
690821.213989745,5335988.927694711,-24
690821.0667763846,5335988.552810641,-24
690820.9210047196,5335988.181596395,-24
690820.776703713,5335987.814125715,-24
690820.6339023276,5335987.450472345,-24
690820.4926295265,5335987.090710024,-24
690820.3529142722,5335986.734912499,-24
690820.2147855278,5335986.38315351,-24
690820.078272256,5335986.0355068,-24
690819.9434034198,5335985.692046112,-24
690819.810207982,5335985.352845186,-24
690819.6787149053,5335985.017977768,-24
690819.5489531527,5335984.687517598,-24
690819.4209516873,5335984.361538419,-24
690819.2947394716,5335984.040113974,-24
690819.1703454684,5335983.723318004,-24
690819.0477986409,5335983.411224254,-24
690818.927127952,5335983.103906464,-24
690818.8083623641,5335982.801438377,-24
690818.5891921418,5335982.243257326,-24
690818.3674288358,5335981.678463614,-24
690818.1536715225,5335981.134050537,-24
690817.9481443706,5335980.610588854,-24
690817.7510715488,5335980.108649324,-24
690817.5626772256,5335979.628802699,-24
690817.3831855695,5335979.17161974,-24
690817.2128207496,5335978.737671202,-24
690817.0518069342,5335978.327527842,-24
690816.900368292,5335977.941760414,-24
690816.7587289917,5335977.58093968,-24
690816.6271132019,5335977.245636393,-24
690816.5876900785,5335977.145192644,-24
690816.5554053033,5335977.062920521,-24
690816.5238257245,5335976.98243103,-24
690816.4929349368,5335976.903682947,-24
690816.3561908328,5335976.55491239,-24
690816.2115544605,5335976.185679276,-24
690816.0825149686,5335975.855967365,-24
690815.9323356854,5335975.4719404355,-24
690815.7950686697,5335975.120806803,-24
690815.6544178972,5335974.761219059,-24
690815.5120120933,5335974.397789502,-24
690815.3756341598,5335974.050654768,-24
690815.2281850467,5335973.6763985,-24
690815.1053337627,5335973.365308706,-24
690814.9692401867,5335973.021306711,-24
690814.8037983325,5335972.603834325,-24
690814.6485379363,5335972.21264164,-24
690814.5065719169,5335971.855364594,-24
690814.3611970312,5335971.489866813,-24
690814.212907869,5335971.117369466,-24
690814.0658071061,5335970.748146677,-24
690813.9214812927,5335970.3861394925,-24
690813.7758406677,5335970.021061363,-24
690813.6293040612,5335969.653946408,-24
690813.4823344562,5335969.285939273,-24
690813.3355368472,5335968.918539743,-24
690813.1890974967,5335968.552199529,-24
690813.0434328917,5335968.187946962,-24
690812.89895952,5335967.826810379,-24
690812.749569821,5335967.4535186915,-24
690812.6014767053,5335967.083592815,-24
690812.4561339589,5335966.720651438,-24
690812.3140274712,5335966.365894251,-24
690812.1594320532,5335965.980194559,-24
690812.0123207917,5335965.613799696,-24
690811.8720570426,5335965.265056359,-24
690811.7275719268,5335964.906375456,-24
690811.5805182377,5335964.541794574,-24
690811.4351029092,5335964.181593742,-24
690811.2917971566,5335963.826747702,-24
690811.1465705564,5335963.467091649,-24
690810.9961039048,5335963.09422969,-24
690810.8558172967,5335962.746268129,-24
690810.71329277,5335962.392361625,-24
690810.5623415323,5335962.01705897,-24
690810.4280852516,5335961.682848778,-24
690810.3369221076,5335961.455692999,-24
690810.2422575102,5335961.219630554,-24
690810.1438620089,5335960.974075157,-24
690810.0415061536,5335960.718440519,-24
690809.7984518851,5335960.111370977,-24
690809.5329817651,5335959.448664562,-24
690809.4119204975,5335959.1465315,-24
690809.2866985357,5335958.834050481,-24
690809.1574531947,5335958.511558498,-24
690809.0243217896,5335958.179392538,-24
690808.8874416356,5335957.837889592,-24
690808.7469500474,5335957.487386647,-24
690808.6029843405,5335957.128220692,-24
690808.4556818298,5335956.760728717,-24
690808.3051798303,5335956.385247711,-24
690808.1516156574,5335956.002114664,-24
690807.9951266256,5335955.611666563,-24
690807.8358500506,5335955.214240398,-24
690807.673923247,5335954.81017316,-24
690807.5094835301,5335954.399801835,-24
690807.3426682149,5335953.983463415,-24
690807.2012504508,5335953.630478867,-24
690807.0628021659,5335953.284874135,-24
690806.923029335,5335952.935928553,-24
690806.7820053109,5335952.58382214,-24
690806.639803446,5335952.22873491,-24
690806.4964970931,5335951.870846882,-24
690806.3521596049,5335951.510338074,-24
690806.206864334,5335951.1473885,-24
690806.060684633,5335950.782178179,-24
690805.9136938547,5335950.414887128,-24
690805.7659653515,5335950.045695364,-24
690805.6175724762,5335949.674782902,-24
690805.4685885813,5335949.302329762,-24
690805.3190870195,5335948.928515959,-24
690805.1691411437,5335948.553521509,-24
690805.0188243062,5335948.177526431,-24
690804.8682098597,5335947.800710741,-24
690804.7173711571,5335947.423254456,-24
690804.5666838421,5335947.046094293,-24
690804.4178561579,5335946.673504225,-24
690804.2690232013,5335946.300813632,-24
690804.1202551109,5335945.928194644,-24
690803.9716220258,5335945.555819391,-24
690803.8231940853,5335945.183860005,-24
690803.6750414277,5335944.812488614,-24
690803.5272341927,5335944.441877348,-24
690803.3798425187,5335944.072198338,-24
690803.2329365448,5335943.703623716,-24
690803.0865864101,5335943.336325609,-24
690802.9408622534,5335942.97047615,-24
690802.795834214,5335942.606247465,-24
690802.6515724303,5335942.243811689,-24
690802.5081470417,5335941.883340949,-24
690802.3656281871,5335941.525007376,-24
690802.2240860051,5335941.168983101,-24
690802.0835906352,5335940.815440253,-24
690801.9442122161,5335940.464550964,-24
690801.8028098928,5335940.108397807,-24
690801.6407147546,5335939.699903872,-24
690801.4805042419,5335939.295912053,-24
690801.3222950832,5335938.896708815,-24
690801.1662040063,5335938.502580628,-24
690801.0123477397,5335938.113813953,-24
690800.8608430112,5335937.730695259,-24
690800.7118065493,5335937.353511013,-24
690800.5653550822,5335936.98254768,-24
690800.4216053379,5335936.618091725,-24
690800.2806740444,5335936.260429617,-24
690800.1426779304,5335935.909847818,-24
690800.0077337237,5335935.566632799,-24
690799.8759581526,5335935.231071023,-24
690799.747467945,5335934.903448957,-24
690799.6223798296,5335934.584053068,-24
690799.4898179795,5335934.245034294,-24
690799.2502103137,5335933.630600013,-24
690799.0273153366,5335933.056652162,-24
690798.8596565916,5335932.622988053,-24
690798.7591306168,5335932.362065755,-24
690798.6614802204,5335932.107943415,-24
690798.5665781873,5335931.860320202,-24
690798.4742973022,5335931.618895289,-24
690798.3628239179,5335931.326385567,-24
690798.2161037793,5335930.939877246,-24
690798.0755392266,5335930.567925201,-24
690797.9405002304,5335930.209039589,-24
690797.8103567619,5335929.861730562,-24
690797.6704422715,5335929.486829138,-24
690797.5317461285,5335929.113753355,-24
690797.3967489674,5335928.749424654,-24
690797.264517107,5335928.391635133,-24
690797.129234133,5335928.024933847,-24
690796.9938711829,5335927.657691734,-24
690796.858384426,5335927.290156852,-24
690796.7218522864,5335926.920199667,-24
690796.5903122877,5335926.564481177,-24
690796.4558405604,5335926.201829951,-24
690796.3175301795,5335925.830101358,-24
690796.17447422,5335925.447150769,-24